<?xml version='1.0' encoding='UTF-8'?>
<?artifactRepository version='1.1.0'?>
<repository name='file:/F:/workspace_mulesoft1/custom-rest-connector/target/update-site/ - artifacts' type='org.eclipse.equinox.p2.artifact.repository.simpleRepository' version='1'>
  <properties size='2'>
    <property name='p2.timestamp' value='1519146212626'/>
    <property name='p2.compressed' value='false'/>
  </properties>
  <mappings size='3'>
    <rule filter='(&amp; (classifier=osgi.bundle))' output='${repoUrl}/plugins/${id}_${version}.jar'/>
    <rule filter='(&amp; (classifier=binary))' output='${repoUrl}/binary/${id}_${version}'/>
    <rule filter='(&amp; (classifier=org.eclipse.update.feature))' output='${repoUrl}/features/${id}_${version}.jar'/>
  </mappings>
  <artifacts size='2'>
    <artifact classifier='org.eclipse.update.feature' id='org.mule.tooling.ui.extension.custom-rest-connector.3.5.0' version='1.0.0.201802202233'>
      <properties size='4'>
        <property name='artifact.size' value='651'/>
        <property name='download.size' value='651'/>
        <property name='download.md5' value='253b228fecd3713a302f2db35d0aeb73'/>
        <property name='download.contentType' value='application/zip'/>
      </properties>
    </artifact>
    <artifact classifier='osgi.bundle' id='org.mule.tooling.ui.contribution.custom-rest.3.5.0' version='1.0.0.201802202233'>
      <properties size='3'>
        <property name='artifact.size' value='358053'/>
        <property name='download.size' value='358053'/>
        <property name='download.md5' value='39ae81639b86e3f79a4f41cddca8a5ba'/>
      </properties>
    </artifact>
  </artifacts>
</repository>
