<?xml version='1.0' encoding='UTF-8'?>
<?artifactRepository version='1.1.0'?>
<repository name='file:/F:/workspace_mulesoft1/custom-sdk-connectorr-connector/target/update-site/ - artifacts' type='org.eclipse.equinox.p2.artifact.repository.simpleRepository' version='1'>
  <properties size='2'>
    <property name='p2.timestamp' value='1519144749330'/>
    <property name='p2.compressed' value='false'/>
  </properties>
  <mappings size='3'>
    <rule filter='(&amp; (classifier=osgi.bundle))' output='${repoUrl}/plugins/${id}_${version}.jar'/>
    <rule filter='(&amp; (classifier=binary))' output='${repoUrl}/binary/${id}_${version}'/>
    <rule filter='(&amp; (classifier=org.eclipse.update.feature))' output='${repoUrl}/features/${id}_${version}.jar'/>
  </mappings>
  <artifacts size='2'>
    <artifact classifier='osgi.bundle' id='org.mule.tooling.ui.contribution.custom-sdk-connectorr.3.5.0' version='1.0.0.201802202208'>
      <properties size='3'>
        <property name='artifact.size' value='333808'/>
        <property name='download.size' value='333808'/>
        <property name='download.md5' value='a84a2989ebb70fa911747c1c83a7522a'/>
      </properties>
    </artifact>
    <artifact classifier='org.eclipse.update.feature' id='org.mule.tooling.ui.extension.custom-sdk-connectorr-connector.3.5.0' version='1.0.0.201802202208'>
      <properties size='4'>
        <property name='artifact.size' value='655'/>
        <property name='download.size' value='655'/>
        <property name='download.md5' value='308c35f4233c2df6a7d1e1d472dcbdf2'/>
        <property name='download.contentType' value='application/zip'/>
      </properties>
    </artifact>
  </artifacts>
</repository>
