<?xml version="1.0" encoding="UTF-8"?>

<mule xmlns:db="http://www.mulesoft.org/schema/mule/db"
	xmlns:json="http://www.mulesoft.org/schema/mule/json"
	xmlns:http="http://www.mulesoft.org/schema/mule/http"
	xmlns="http://www.mulesoft.org/schema/mule/core" xmlns:doc="http://www.mulesoft.org/schema/mule/documentation"
	xmlns:spring="http://www.springframework.org/schema/beans" 
	xmlns:xsi="http://www.w3.org/2001/XMLSchema-instance"
	xsi:schemaLocation="http://www.mulesoft.org/schema/mule/db http://www.mulesoft.org/schema/mule/db/current/mule-db.xsd
http://www.mulesoft.org/schema/mule/json http://www.mulesoft.org/schema/mule/json/current/mule-json.xsd
http://www.mulesoft.org/schema/mule/http http://www.mulesoft.org/schema/mule/http/current/mule-http.xsd
http://www.springframework.org/schema/beans http://www.springframework.org/schema/beans/spring-beans-current.xsd
http://www.mulesoft.org/schema/mule/core http://www.mulesoft.org/schema/mule/core/current/mule.xsd">
<db:mysql-config name="MySQL_Configuration" host="localhost" port="3306" user="test" password="test" database="test" doc:name="MySQL Configuration"/>
    <flow name="selectFlow">
        <http:listener config-ref="HTTP_Listener_Configuration" path="/select" doc:name="HTTP"/>
        <byte-array-to-string-transformer doc:name="Byte Array to String"/>
        <db:select config-ref="MySQL_Configuration" doc:name="Database">
            <db:parameterized-query><![CDATA[select * from test;]]></db:parameterized-query>
        </db:select>
        <json:object-to-json-transformer doc:name="Object to JSON"/>
    </flow>
    <flow name="insertFlow">
        <http:listener config-ref="HTTP_Listener_Configuration" path="/insert" doc:name="HTTP"/>
        <byte-array-to-string-transformer doc:name="Byte Array to String"/>
        <db:insert config-ref="MySQL_Configuration" doc:name="Database">
            <db:parameterized-query><![CDATA[INSERT INTO `test`.`test` (`name`, `age`, `address`) VALUES (#[xpath3('//address/name')],#[xpath3('//address/age')],#[xpath3('//address/area')]);]]></db:parameterized-query>
        </db:insert>
        <json:object-to-json-transformer doc:name="Object to JSON"/>
    </flow>
</mule>
